Model,F1,Accuracy,Precision,Recall,Loss,Topsis Score,Rank
DeBERTa-v3,0.994,0.994,0.994,0.994,-0.0233,1.0,1
DistilRoberta,0.987,0.9823,0.976,0.982,-0.0356,0.8044492341250796,2
Bert-base-multilingual,0.953,0.962,0.975,0.985,-0.0756,0.17181041258450963,4
twitter-XLM-roBERTa,0.962,0.976,0.975,0.976,-0.0569,0.4665707034319254,3
Text Moderation,0.956,0.968,0.956,0.926,-0.0863,0.006534137708549006,5
